,label,text,category
6562,neutral,@SouthwestAir @TomVH just get the RR credit card and get the points of family that way,0
6041,neutral,@SouthwestAir Thanks! Will do,0
8136,neutral,@JetBlue Hey any chance you have an update on Flight 99 Hartford to D.C.?,0
7241,neutral,"@JetBlue no one yet but some, fl 8162",0
7259,neutral,"@JetBlue I understand delays.  We are all looking at a tv monitor at ur gate and it says current conditions are snow, hence delay.",0
4118,neutral,"@united Yesterday, I'm sorted now.",0
339,neutral,@VirginAmerica is my new go to airline,0
8716,neutral,"@JetBlue What about if I booked it through Orbitz? My email is correct, but there's a middle party.",0
1769,neutral,@united Do you have Bereavement discount on airfare as my grandfather just passed and need to attend his funeral this week.,0
6873,neutral,@JetBlue would a storage container like this green one be acceptable to check in with luggage? 18Gal totes http://t.co/mJtK2SFuhG,0
14502,neutral,@AmericanAir are flights from Columbus Ohio to Dallas Texas Cancelled Flighted?,0
3502,neutral,@united refund?,0
5694,neutral,@SouthwestAir @Vindictive_tK Larry David works for southwest?,0
2478,neutral,@united how much does a ski bag cost to check?  Bag contains 1 pair is skis and one pair of poles,0
6790,neutral,@JetBlue flight 462 to Boston delayed due to weather in Tampa?,0
2457,neutral,@united Yes. Luckily I was there.,0
6202,neutral,"@SouthwestAir Is the 1,750 bonus at 1800Flowers still on or did it expire 2/14/15?",0
6328,neutral,"@SouthwestAir took delivery of N8661A, a new Boeing 737-8H4 yesterday. http://t.co/5z9STyUQJ3 #DFW #DAL #airlines",0
549,neutral,@united i DMed you the details,0
10458,neutral,@USAirways @AmericanAir  ..off to vegas http://t.co/AygAOeB6Uu,0
4748,neutral,@SouthwestAir thanks for linking to #Passbook. Might be old news but this is my first 2015 flight.,0
8164,neutral,@JetBlue 108 to Portland Maine,0
9324,neutral,@USAirways is it your practice to give 1st class seats to us air employees before giving them to chairmans customers sitting in coach?,0
8265,neutral,@JetBlue Has D.C. Thinking About Summer With New Nantucket Service - Digital Journal http://t.co/urcyfcp2Lx,0
6074,neutral,@southwestair so I saw the promo for A-List when I was on a plane this Monday. I fly two more times in the qualification period. 1/2,0
5679,neutral,@SouthwestAir can you show me some luv?Its 9 degrees and all this snow but Imdetermined to go to #DestinationDragons http://t.co/oXm6cWGaB7,0
1554,neutral,@united left my iPad on MCO-&gt;IAD flight 174. How long to hear back once claim submitted? TY!,0
3979,neutral,"@united Great, thank you!! I'll send it now.",0
871,neutral,@united Do you have any flights with lie flat seating from STL to PDX around the date of March 5?,0
1862,neutral,"@united getting ready to book a flight to San Juan. Was wondering, Does United waive baggage fees for military personnel. Thanks.",0
9705,neutral,@USAirways Have you issued a Memphis travel advisory for tomorrow? Winter weather coming through now.,0
8729,neutral,@JetBlue don't know if u define that as a #ControllableIrregularity,0
5680,neutral,@SouthwestAir sent,0
12114,neutral,@AmericanAir what's the status of flight 1357 out of sju?,0
1578,neutral,@united is it possible to add a Known Traveler Number to my ticket after Flight Booking Problems?,0
5726,neutral,@SouthwestAir Can you please follow so I can DM? Thx!,0
5360,neutral,@SouthwestAir would love Tix for Velour show-entered every contest and still haven't won :(,0
1582,neutral,@United can you help me get from IAH to SFO earlier tonight?,0
647,neutral,@united yall should probably work on that.,0
5338,neutral,@SouthwestAir greetings,0
7199,neutral,@JetBlue I believe you have to follow me so I can send you a message,0
11224,neutral,@USAirways OK she is worried that something is wrong with the flight - #1870 - and should she consider flying earlier,0
7480,neutral,@JetBlue Perhaps you need to start recruiting @msbgu ;),0
5174,neutral,@SouthwestAir The Opal Dragon book The Dragon (ALI) has woven his murdering ways from the Philippines to Australia http://t.co/c9p2ioSphM,0
12359,neutral,@AmericanAir we're all being told by emergency services to stay home for the next 24-48 hours.,0
6987,neutral,@JetBlue How do I know if my flight was deemed a dark flight?,0
13122,neutral,"@AmericanAir @MattThomasNews When did American Airlines start flying to and from Siberia? Wait, this is the USA? Oy!",0
739,neutral,@united This is NOT a local UNITED number for Malaysia   0011 800-55558000. What is your local United Airlines here in Kuala Lumpur ( KUL )?,0
10961,neutral,@USAirways can you help me reroute my trip?,0
12875,neutral,"@AmericanAir Yes, thanks I found those, didn't see the gray tab at first :)",0
4618,neutral,@SouthwestAir still there? I was posted up in Downtown waiting for y'all. On my way!,0
8104,neutral,@JetBlue I hope so. The plane does appear to be leaving a nearby terminal for our gate.,0
5508,neutral,@SouthwestAir  traveling 2bwi nMaryland 2morrw any chance the flight being Cancelled Flightled to inclement weather? Any chance can get earlier flight,0
7771,neutral,@jetblue what good with the inflight WiFi?,0
10589,neutral,@usairways Does anyone know the hold times for USAirways reservations?,0
5492,neutral,@SouthwestAir no her lunch was over by the time she got her call answered,0
8487,neutral,@JetBlue To DC this summer and help local youth get ready to return to school with math refresher courses. #FlyItForward,0
4784,neutral,@SouthwestAir had to be stuck in the middle seat :( http://t.co/dzeGAPfqw1,0
4626,neutral,"@SouthwestAir Dang, if only practice was an hour Late Flightr today...",0
3681,neutral,@united sent,0
4571,neutral,@SouthwestAir I have a few questions about flying with my Maltese puppy. Can you DM me?,0
2829,neutral,@united need to add service dog to my itinerary for tomorrow,0
6916,neutral,‚Äú@JetBlue: Our fleet's on fleek. http://t.co/7XMaV13G2W‚Äù http://t.co/Ela7TNtcIR,0
12084,neutral,"@AmericanAir Hi, can you please ticket my award ticket? The status is ""On Request"" now. Thanks.",0
4725,neutral,@SouthwestAir : thanks.are flights operating now or Cancelled Flightled?,0
8682,neutral,@JetBlue @drwinston001 I think we'll need a selfie as proof...,0
7796,neutral,@JetBlue actually flight 1089 not 1098,0
13003,neutral,@AmericanAir I had booked online but unable to Cancelled Flight online. But finally got thru.,0
6870,neutral,‚Äú@JetBlue: @maatkare67 We hope you're still our bae! @TatianaKing @thewayoftheid‚Äùhaa man,0
11953,neutral,@AmericanAir what's the status of flight 1357 out of sju?,0
11115,neutral,@USAirways @AmericanAir when is US Air switching to AA iOS app? AA app is much better.,0
12369,neutral,"I'd like the 11c I originally tried for @AmericanAir - again, happy to pay the difference",0
4364,neutral,"@SouthwestAir sure, please follow me so I can do so?",0
11197,neutral,@USAirways skys r sunny air is cold I can't wait to get to #CLT,0
959,neutral,@united thank you for the quick response but I cannot dm you until you follow me as well,0
8256,neutral,@JetBlue Flight I want to book was $320 one day; went to purchase next day &amp; price doubled to $737. Inquiring on chance it may go down?,0
3596,neutral,@united can you please tell me where United flies to from Sydney Australia - pref Asia Pac or US as I have a voucher to redeem.,0
4277,neutral,@united that's what I thought! Thanks for the clarification!,0
4158,neutral,@united Got it.  I am following the United page.,0
1535,neutral,@united booked EWR-FLL in first for two on 3-8. Let's see how you compare to the garbage @AmericanAir first class has become,0
6963,neutral,@JetBlue everyone is overreacting. Keep up your swag!,0
128,neutral,@VirginAmerica How can I watch the #Oscars2015 on my JFK-&gt;SFO flight?,0
11899,neutral,@AmericanAir Do you have any sort of live chat feature? We're in the UK right now and that call would cost us alot. :(,0
12066,neutral,@AmericanAir I did,0
6049,neutral,"@SouthwestAir schedule is open through the end of October, got Columbus day wknd in New England for ~50K points for 4! Check your calendar!",0
5324,neutral,@SouthwestAir FREE Cable Out of this World Technology and a mans dream come true... FREE and PORTABLE???!!! http://t.co/Qw1til96YA,0
5856,neutral,@SouthwestAir do you have any tickets to the Atlanta show? I would love to go with my sister ‚ô•Ô∏èüôè,0
13524,neutral,@AmericanAir thank you...I know it's a busy for you today but any help would be appreciated...,0
8274,neutral,"@JetBlue and of course that was supposed to say Logan, not login",0
11692,neutral,@USAirways @satesq theres only one flt PHL-CRW per day.,0
705,neutral,@united Okay thank you,0
4880,neutral,@SouthwestAir gimme,0
7095,neutral,"@JetBlue Or...

....how about a 1way LAX-NYC(area) under 190?! Is this possible ?",0
12151,neutral,@AmericanAir When will the old 777-200 fly ORD-PVG get upgraded?,0
7818,neutral,@JetBlue I clear that folder regularly and JetBlue is white listed so it never got to me.,0
13168,neutral,@AmericanAir dmed back,0
62,neutral,"@VirginAmerica @ladygaga @carrieunderwood all are great , but I have to go with #CarrieUnderwood üòçüëå",0
2669,neutral,"@united I have such a love hate relationship with you. Some days you're good, the others you are so terribly awful its saddening",0
8194,neutral,@JetBlue look what I capture at Uvf http://t.co/Lj2ZXZN8kG,0
4542,neutral,@SouthwestAir will do - if you follow back I can DM that info,0
13157,neutral,"@AmericanAir #AmericanView
The view of Oregon from seat 31F, flight AA1469 2/22/15 http://t.co/t9JBN9WZtq",0
4971,neutral,@SouthwestAir is having a party in the atl terminal. #letitgo http://t.co/qxTeqZm3yz,0
7968,neutral,"@JetBlue question, flying for the 1st time with my 16mont old son...do I need to bring anything for him? Birth certificate/S.S. card etc?",0
11833,neutral,@USAirways flight #3900 fro ORF to PHL.,0
6278,neutral,@SouthwestAir @love_dragonss AHHHH YES LAUREN,0
6798,neutral,@JetBlue Airline trouble this winter &amp; not getting good customer service? contact http://t.co/aQjn4HwNaC  we negotiate resolutions for You!,0
3327,neutral,@united i would like to know if its possiable to checkin online or must it be done at Schiphol?,0
38,neutral,@VirginAmerica when can I book my flight to Hawaii??,0
10403,neutral,@USAirways can I get an update on flight 680 to DCA?,0
4726,neutral,@SouthwestAir we checked in right at 24hr mark. Boarding C group with kids ages 6&amp;8 dnt want to be split. What sld we do?,0
14052,neutral,"@AmericanAir I need to get from Albuquerque, NM, USA, to Cebu, Philippines. I'm providing educational help for 800 kids. Can you help me?",0
6693,neutral,@SouthwestAir any chance of adding LAX-&gt;JFK direct any time in the future?,0
8814,neutral,@JetBlue Hi! Does my upcoming flight 2168 from West Palm to HPN have Fly-Fi?,0
3550,neutral,@united followed &amp; DM'd.,0
12022,neutral,@americanair I sure do. I'm running version 3.10.0,0
9296,neutral,"@USAirways while I‚Äôm asking‚Ä¶ 2 of my 11 non upgraded flights, Attendants came &amp; greeted me &amp; thanked me for my business b/c I was Exec Plat.",0
10639,neutral,"@USAirways landed at Phoenix, but we had to board a flight quickly to Vegas so no time at the airport. What now?",0
4296,neutral,@united all day travel. #swag #ijustwanttosleep,0
2869,neutral,@united yes I've boarded this way many times &amp; have never had to show my pass on the Tarmac multiple times. Path was railed off. Only 1 way,0
4040,neutral,@United is it possible to upfare to P a segment where I have a GPU waitlisted?,0
517,neutral,@united why not? Is it a law or a policy?,0
9257,neutral,@USAirways what's going on with US Airways flight 805?   Why diverted to Charlotte?,0
315,neutral,@VirginAmerica are you ready!? Let's say it together.. 'Noooo turbulence today!' üòò,0
10421,neutral,"@USAirways well, depending on the policy will make the determination as to which airline is selected to travel.",0
1559,neutral,@united Didn't know that buying a seat in first class was just a 'request' to sit in first class! Very Interesting.,0
4293,neutral,@united actually we did not consider she might have made a mistake. She did not complain beyond that she indicated it on her reservation.,0
6671,neutral,@SouthwestAir landing early morning @BWI_Airport after snowfall. http://t.co/apRZsPxigE,0
4934,neutral,"@SouthwestAir Traveling with a 13 year old Thursday. He does not need an ID, correct?",0
2151,neutral,@united traveling with 3 young kids!! Chose our original flights for a reason.,0
9216,neutral,"@USAirways yes, with Delta!",0
8852,neutral,@JetBlue Airways Adds New Charter #Flight to Cuba - #Travel Wires (blog) http://t.co/Swb1gR57Cc,0
112,neutral,"@VirginAmerica has getaway deals through May, from $59 one-way. Lots of cool cities http://t.co/QDlJHslOI5 #CheapFlights #FareCompare",0
6345,neutral,@SouthwestAir when will you have flights for October 2015 available?,0
8566,neutral,"@JetBlue my mom wanted me to change her seat along with my sister, but their two different reservations and idk",0
458,neutral,@VirginAmerica @JezzieGoldz club Virgin is bumping in New York http://t.co/HaQc7GDg7c,0
6984,neutral,@JetBlue hi I flew with your airline once in Australia and saw zero kangaroos. Had this been rectified,0
7158,neutral,üò©üò©üò©‚Äú@JetBlue: Our fleet's on fleek. http://t.co/BBHTlZgH2C‚Äù,0
4539,neutral,"See you in ATL! ‚Äú@SouthwestAir: Congrats to our #DestinationDragons winners! Ready, Atlanta? http://t.co/AY1GIdcfa4 http://t.co/yC7V2s0iOd‚Äù",0
7755,neutral,@JetBlue will we be able to watch the Oscars on our flight tomorrow?,0
1354,neutral,@united  @DENAirport United 787 in snowy Denver. http://t.co/w1AaKJumXA,0
8874,neutral,@JetBlue Connecticut‚ùÑÔ∏è,0
4015,neutral,@united is there a referral program for the Milageplus explorer card?,0
7053,neutral,.@JetBlue Delete this tweet.,0
9316,neutral,"@USAirways also, can you explain why, when I checked in, on the US Airways site, &amp; picked ""Standby for 1st"" I was not put on the list?",0
9008,neutral,@USAirways How do I get a receipt for a change fee when I originally booked with miles?,0
4828,neutral,@southwestair Winter Weather for Denver extended for tomorrow by chance? Even to Late Flightr in the day would be super helpful.,0
11916,neutral,@AmericanAir u r horrible.went online to Cancelled Flight flight-no button-4that.Called CS &amp;wait time 40 mins&amp;put in my #.800#called&amp;it hungupNOHELP,0
7797,neutral,@JetBlue BOS to DCA 1098 at 7:16 pm.,0
6351,neutral,"@southwestair Hi, how do I add a flight to my account? Just created it",0
11243,neutral,@USAirways can they change to correct last name? Did via reservations already but said can't change ticket name..,0
11160,neutral,@USAirways @AmericanAir for frequent flyer miles can we schedule interchangeably and get credit?,0
8156,neutral,@JetBlue @cflanagian she's on to something,0
5473,neutral,@SouthwestAir booked the 8th.... Save me an emergency exit... Gotta stretch out,0
4185,neutral,"@united take a lesson from @VirginAmerica , they know how to treat customers!",0
7295,neutral,"@JetBlue okay so anything using contactless EMV should work, just your internal testing and training is currently Apple Pay specific?",0
576,neutral,"@united Cancelled Flighted our flight, didn't rebook us on added flight, now have to drive from a Denver to KC....thanks!",0
4632,neutral,@SouthwestAir: grrrrrr I need a flight there first! Maybe for my bday next month...,0
6701,neutral,@SouthwestAir sent,0
7528,neutral,@JetBlue don't I always?,0
154,neutral,"@VirginAmerica  - Is Flight 713 from Love Field to SFO definitely Cancelled Flightled for Monday, February 23?",0
14250,neutral,"@AmericanAir yes, I will do just that as soon as I have a moment to gather my thoughts.",0
1227,neutral,@United to operated #B767-300ER from #Newark to #Zurich @ZRH_airport replacing B767-400ER between 6MAY-23SEP instead till 23OCT #avgeek,0
7035,neutral,Too Late Flight. RT ‚Äú@JetBlue: Our fleet's on fleek. http://t.co/nJ5Ga1gds5‚Äù,0
13169,neutral,"Yessir RT ‚Äú@AmericanAir: @yourlocalnyer Good morning, Rob. We're showing the flight to sunny Mexico just pushed off the gate.‚Äù",0
7097,neutral,‚Äú@JetBlue: Our fleet's on fleek. http://t.co/ar0VayLmFc‚Äù Really Jet Blue? Lmao,0
6085,neutral,@SouthwestAir if you are giving tix to #DestinationDragons show would appreciate one or two for LAüòÑFlying from PHL to LAX on Friday,0
6205,neutral,"@SouthwestAir Times change, I guess. http://t.co/osox9h7fWY",0
14098,neutral,@AmericanAir 8:30 departure?  Sure. Is there a catering strike at JFK?  @FoxNews @CNBC @BloombergRadio http://t.co/HPgXYZRW8o,0
2837,neutral,@united exactly,0
8450,neutral,@JetBlue Can you tell me which days you fly direct BUF - FLL and FLL - BUF?,0
5615,neutral,"@SouthwestAir okay thank you :), also I did get a tweet earlier about 1.5 hrs ago saying I won &amp; should send a DM but then it was deleted?",0
2316,neutral,@united also checked email you have on file for me and it is correct,0
72,neutral,"@VirginAmerica hi I just booked a flight but need to add baggage, how can I do this?",0
5524,neutral,@SouthwestAir Are there any current promotions/codes for Nashville-Denver? Thank you!,0
12442,neutral,@AmericanAir did that yesterday. On the phone with them now,0
10689,neutral,@USAirways Can you help me add a AAdvantage number and known traveler number to a reservation?,0
5954,neutral,@SouthwestAir yes can do,0
6989,neutral,"@JetBlue CEO battles to appease passengers, investors - Toledo Blade http://t.co/R4xJXQRX1z",0
9567,neutral,"@USAirways There is nothing on my USAir CC at this point, but the email stated I would be charged.  Thanks for the reply.",0
12447,neutral,@AmericanAir that's what is on my ticket and my confirmation email. Anything else?,0
7981,neutral,@JetBlue Hawaii what deals u have for me,0
5767,neutral,@SouthwestAir I WANNAA GO TO THE VEGAS SHOW SO BAD ID DOO ANYTHING #DestinationDragons,0
7927,neutral,@JetBlue my phone number when you have any news for me is (631)891-5722,0
14240,neutral,@AmericanAir Considering it was purchased on the 21st and I attempted to use it again on the 21st I believe it would fit these parameters.,0
6752,neutral,@JetBlue check DM please :),0
2427,neutral,@united I take it as a compliment that I was mistaken several times as a member of your staff on my flight... time to remove my scarf :),0
7627,neutral,@JetBlue on flight 622 from Nassau to JFK. Not showing Cancelled Flightled yet but assuming it will be? Any info?,0
812,neutral,@united Twitter isn't letting me DM you..,0
14199,neutral,@AmericanAir - Can you please give me a travel agent support phone number? I cant find it on your website. Thanks.,0
7078,neutral,BLOCK ME BIKE RT @JetBlue: Our fleet's on fleek. http://t.co/2z3hGqPRSG,0
3092,neutral,@united I'll be impressed if I actually get a response! üòú,0
13798,neutral,@AmericanAir it looks like a mistake,0
4585,neutral,@SouthwestAir I enjoyed a call from my good friend he's Flight Booking Problems his flights elsewhere as I tweet one at a time I will tell as many as I can,0
5969,neutral,"@SouthwestAir I can easily get to the Atlanta show, I just need tickets, help?!",0
8718,neutral,@JetBlue it was at JFK airport right now,0
13225,neutral,@AmericanAir  that's what I am hoping for,0
7794,neutral,"@JetBlue Thanks, it's for next weekend though so my guess is it will only go higher.",0
6580,neutral,@SouthwestAir from LGA to San Diego,0
5919,neutral,@SouthwestAir for my travel I see bz class and get away are sld out. Anytime is available . How do I know how many anytime are available?,0
9956,neutral,"@USAirways when AA gate supervisor 600117 was asked for his superiors name, response received was ""the CEO of #AmericanAirlines"" #merger",0
7057,neutral,@JetBlue also. My party { me and my sister and mom} are on three separate reservations. Will TSA lets us go through together or alone.,0
9610,neutral,"That's not the case.. They sent me a email with a link, I'll show you.. @USAirways http://t.co/hb799CCo0t",0
7665,neutral,@JetBlue I know you guys are super busy but is flight 1222 an a320 or e190?,0
12927,neutral,@AmericanAir are pets allowed in first class?,0
7014,neutral,"‚Äú@JetBlue: Our fleet's on fleek. http://t.co/pa7dCjXlzL‚Äù

C'mon famüò≠üò≠ just. No. Ok?",0
12088,neutral,@AmericanAir Trying desperately to get my boyfriend booked on the same US Airways flight as myself for the same price. Can you help?,0
9025,neutral,"@USAirways ""Airport snow removal method #22...""
Keep up the good work folks, this is where Cessna's become 747's! http://t.co/0JJT4X3YxG",0
2461,neutral,@united can you please follow for a DM?,0
23,neutral,@VirginAmerica will you be making BOS&gt;LAS non stop permanently anytime soon?,0
4548,neutral,@SouthwestAir @Imaginedragons I tried. üòî It's okay,0
7145,neutral,@JetBlue woof.,0
8904,neutral,@JetBlue @vegecomgirl For me it‚Äôs not until 6/15.,0
12164,neutral,@AmericanAir thanks for the info Is there a number I can call to speak to a person? It's going to take an hour to type it out,0
1225,neutral,@united at the gate! IAD to RDU,0
6964,neutral,‚Äú@JetBlue: Our fleet's on fleek. http://t.co/5KshTUe6Q0‚Äù üòÇ,0
4745,neutral,@SouthwestAir Can you equip a 737 with flamethrowers and a snow plow?,0
2014,neutral,@united it can't be delivered. It has to be held there for me to cross the border to pick up. Please don't try to deliver.,0
6087,neutral,@SouthwestAir only 1 guest needs to change a flight on a reservation of 2. How can I do it? I NEED this to happen. Say it can...Please help!,0
132,neutral,@VirginAmerica has flight number 276 from SFO to Cabo San Lucas arrived yet?,0
4149,neutral,@united Can you explain how it rewards us elite Premiere 1K members?,0
6281,neutral,@SouthwestAir my birthday is February 24th which is the date of the imagine dragons in flight concert btw,0
6053,neutral,@SouthwestAir when's the next deal going to happen a poor college student is trying to fly to Orlando instead of drive in August! Lol,0
3588,neutral,@united DCA-EWR Flight #4372,0
14639,neutral,@AmericanAir we have 8 ppl so we need 2 know how many seats are on the next flight. Plz put us on standby for 4 people on the next flight?,0
8836,neutral,@JetBlue the USA help line.  i accidentally booked a flight on a thursday instead of a wednesday and want to switch,0
4298,neutral,@united Filled in the form you sent the link to on 29.1.15 and then either 9 or 10.2.15,0
3509,neutral,@united I have.,0
12484,neutral,"@AmericanAir We did talk with Delta for about hour over phone, and I got a number from Delta that they asked to give to AA, which I did.",0
7664,neutral,@JetBlue  Alright I hope. My JetBlue app is showing a change in my seats and online shows an a320.  Don't want any surprises,0
13209,neutral,@AmericanAir is 2513 and 1555 on time or Cancelled Flightled?,0
7209,neutral,@JetBlue hello! my husband bought us a trip last night &amp; just noticed my last name is misspelled! What can I do? Thanks!,0
6265,neutral,@SouthwestAir is offering #CompanionPasses to Atlanta residing frequent fliers! http://t.co/mdN5ED58ze,0
8286,neutral,@jetblue I was able to access it by using the drop down instead of clicking on the tab.,0
12261,neutral,@AmericanAir now I understand!!,0
9533,neutral,"@USAirways I understand that, and when I'm attempting to change the information so they are identical, it tells me to call a #",0
11959,neutral,@americanair Yes to the iOS. I'm running iOS 8.1.3,0
13397,neutral,@AmericanAir at LAX &amp; just got off the phone w/reservations. Every flight that'd get me to BOS before 11 am tmrw is apparently unavailable üòê,0
4894,neutral,@SouthwestAir how do I get my companion pass?,0
3561,neutral,@united any info on delays at SFO tomorrow due to low clouds?,0
10100,neutral,@USAirways with chocoLate Flight please... i m melting http://t.co/jJdoSFYIBM,0
12917,neutral,@AmericanAir See photo of 787 model &amp; our PN 320008A wheel deflator specified in Chapter 32 of B787 AMM. http://t.co/oilnCfWEyg,0
10751,neutral,@USAirways there is nothing tonight and I am on the flight now with GOGO internet is there a way that someone could send me a DM or email?,0
2898,neutral,@united I looked on the email chain and there is not one,0
8037,neutral,@JetBlue and @WSJ team up offering in-flight access to journal content http://t.co/PTsbkA4cDJ,0
1269,neutral,"@united good morning, any first class upgrades available for ua1619 Feb 25  rsw to ewr? I need 4 seats please",0
8751,neutral,@JetBlue I have the emails that they are on their way,0
9811,neutral,@USAirways please have your people hold flight 599 from Phoenix to San Jose.  We pulling up to the gate! Scheduled to depart at 5:40,0
12462,neutral,Lol great answer.. ‚Äú@AmericanAir: @JayFranceschi Our agents are checking in passengers as quickly as possible. We appreciate your patience.‚Äù,0
3899,neutral,"@united is pri boarding for ""Active Military"" or only ""In Uniform?"" 90% can't travel in uniform for OPSEC reason, even on official travel",0
340,neutral,"@VirginAmerica @VirginAtlantic @GMA @AmericanAir 
Can You Help #ourprincess in need of some help in #USA 
üéÄüá¨üáßüéÄüá∫üá∏üéÄ http://t.co/778AzTDaer",0
60,neutral,@VirginAmerica @ladygaga @carrieunderwood Julie Andrews first but Lady Gaga wow'd me last night. Carrie? Meh.,0
14032,neutral,@AmericanAir Flight 1512 (N924AN) departs @FlyTPA enroute to @dfwairport http://t.co/j0mhMkDiVl,0
4737,neutral,@SouthwestAir to start 2xdaily #B737-700 flights from #Columbus OH to #Boston @BostonLogan on 8AUG #avgeek,0
2907,neutral,@united @JedediahBila KP I am not traveling - we trying to cheer up Ms. Bila.,0
4588,neutral,@SouthwestAir opened online applications for Fall 2015 intern positions throughout the company.  Apply via https://t.co/GmL7ot3IMH,0
8507,neutral,"@JetBlue It's absolute madness in the west, but tell me who you like between @memgrizz @warriors @spurs and @okcthunder",0
6142,neutral,@SouthwestAir Do you anticipate any Cancelled Flightlations for flights out of Nashville tomorrow? Thank you!,0
8101,neutral,"@jetblue We'd love to help Shanese Bryant-Melton, a hard-working grandmother from DC, go to Miami. It's on her bucket list. #flyitforward",0
8011,neutral,@JetBlue I'll take 3 round trip tickets to the closest warmest place please! #negativedegrees #buffalo #snowwillnevermelt,0
11608,neutral,@USAirways me too. Me too.,0
7265,neutral,"@JetBlue sorry, should have specified I meant ground traffic trying to get into the terminal",0
4345,neutral,@SouthwestAir can take u to Midway-Chicago March 8th-April 6th. Can't make it then? @AmericanAir can get u to @fly2ohare year round. #FlyPBI,0
6997,neutral,‚Äú@JetBlue: Our fleet's on fleek. http://t.co/4LlWi5oxvO‚Äù lmfaooooo hook me up with a flight!,0
8584,neutral,@JetBlue I thought the same thing after I sent it,0
2886,neutral,@united Are the current on board food menus available anywhere online?,0
7129,neutral,"@JetBlue @courteroy LOLZ. ""On Fleek""",0
1287,neutral,@united please help http://t.co/t5mRj5Yw6I,0
10775,neutral,"@USAirways I'm not a frequent flyer with US airways, I'm qantas? Can I still get notifications? Thank you",0
2480,neutral,@united  no thanks,0
3955,neutral,"@united even with the multiplier the ticket price will still never equal the amount of miles you travel, even for transatlantic flights!",0
9627,neutral,"@USAirways 4469, thank you for asking.",0
8452,neutral,@JetBlue I cri,0
10749,neutral,@USAirways  is a bag that is   23‚ÄùL x 9‚ÄùW x 12‚ÄùH  allowed as a carry on?,0
14480,neutral,@AmericanAir when is next lax JFK flight today,0
77,neutral,@VirginAmerica first time flying you all. do you have a different rate/policy for media Bags? Thanks,0
10468,neutral,@USAirways Hello we are doing a world record attempt on the amount of ball point pens in a collection please could you help with a pen?,0
10417,neutral,@USAirways I'm on flight 623 from DIA to Ontario tomorrow morning. no access to the airport via taxi or shuttle. What should I do?,0
11105,neutral,@USAirways US airways csr at Phoenix airport fixed the problem,0
13957,neutral,@AmericanAir Still looking as we speak.,0
3497,neutral,"@united I don't have a milage number. I can't sent my mail to you via DM, you're not following me. I follow you now, so you can sent me a DM",0
7842,neutral,@JetBlue minutes to spare.,0
9001,neutral,@USAirways that is certainly not the impression she's under.,0
7088,neutral,"üòí ""@JetBlue: Our fleet's on fleek. http://t.co/K66SRFnw77‚Äù",0
8844,neutral,@JetBlue No not yet. I will notify them. I'm new at this! üòä,0
5838,neutral,@SouthwestAir will you please work out a contract with @triflight to offer service there..,0
4832,neutral,@SouthwestAir Free TV watching Daytona 500! #Boss http://t.co/SbGBN7oUXy,0
10814,neutral,@USAirways I am just trying to establish what your policy is. Thanks!,0
5537,neutral,@SouthwestAir PLEASE HELP! I would die to see the Vegas show! It would be amazing to hear their songs for real!,0
12270,neutral,@AmericanAir Oh they seem  to have reappeared now lol,0
6211,neutral,@SouthwestAir please expedite missing bag claim #3526665682. Thanks!,0
8968,neutral,@USAirways is a DM possible if you aren't following me?,0
6264,neutral,@SouthwestAir  Southwest is currently awaiting government approval for this route. Do we know when it will be official?,0
4856,neutral,@SouthwestAir I have a child traveling cross country...she's 11 will be turning 12 in march...and (cont) http://t.co/Enh1keUUTd,0
10027,neutral,@USAirways flights to Dfw Cancelled Flightled today?,0
6576,neutral,"@SouthwestAir Is there any way to add a Known Traveler Number to an existing reservation online?  If not, why not?",0
9821,neutral,@USAirways pilot says that we are going to take off in 10 minutes. So maybe the systems came back online?,0
8479,neutral,@JetBlue Statement on #Lufthansa Incentive Offer - Digital Journal http://t.co/GqP69g9ZGW,0
8280,neutral,@JetBlue Hi. How do I claim points on a 1800-flowers order after I purchased? I totally forgot to put in the promo code.,0
151,neutral,@VirginAmerica is there special assistance if I travel alone w/2 kids and 1 infant? Priority boarding?,0
3420,neutral,@united There is only one club at LAX  - in terminal 7 across from gate 71,0
10416,neutral,@USAirways I should also add the weather conditions are terrible. Expecting 18 inches of snow. Any advice?,0
6773,neutral,"@JetBlue flying w/ infant for the 1st time, can I bring a canister of powder formula for a carry on and/or use my plastic formula divider?",0
4636,neutral,@SouthwestAir how do get priority seating after you already paid for the flight,0
13613,neutral,@AmericanAir Can you respond to my DM?,0
8805,neutral,@JetBlue - I will for sure. But my TSA-Pre works with other airlines. Why is Jetblue different?,0
337,neutral,"@VirginAmerica Nice, Lofty View @flyLAXairport. #SilverStatus http://t.co/F4Tp0dAwbd",0
8580,neutral,"@JetBlue I'd like to spread my grandpa's ashes in Naples, Italy he lived in the 50's while serving his 30+ yrs in the @USNavy #FlyItForward",0
438,neutral,@VirginAmerica I miss the #nerdbird in San Jose,0
12219,neutral,‚Äú@AmericanAir: Bet these birds wish they'd flown south for the #winter... http://t.co/tY9C0Gae2o‚Äù Lol,0
5258,neutral,"@SouthwestAir departing MDW it's cold 26F, windy with snow on the ground for sunny and 70F las vegas  @LASairport http://t.co/2IR7ynMBdU",0
13399,neutral,@AmericanAir No worries. Don't blame you for weather.,0
6751,neutral,"@JetBlue update on Flight 462 would be appreciated when you have time, thanks",0
3038,neutral,@united Hi. My 2/23 flight from CUN-EWR shows a departure of 2:55pm on my United app.  Can you confirm?  Doesn't look correct.  Thanks.,0
35,neutral,Nice RT @VirginAmerica: Vibe with the moodlight from takeoff to touchdown. #MoodlitMonday #ScienceBehindTheExperience http://t.co/Y7O0uNxTQP,0
8570,neutral,@JetBlue is it true there's a new A320 livery and a new website...?!,0
7770,neutral,@JetBlue status of flight 684 from MCO to LGA tomorrow?,0
8040,neutral,@JetBlue well mine sure aren't anything to write home about!,0
240,neutral,@VirginAmerica any updates on flight 413 from Jfk &gt; Lax,0
3860,neutral,"@united how come it's cheaper to fly to BKK than NRT even though to get to BKK you take an extra flight, from NRT!",0
8996,neutral,"@USAirways question, friend flight got Cancelled Flightled. How can he book be flight? Leaving CHS to Philly to Germany",0
1338,neutral,"@united basically, I need to leave from Hawaii Late Flight evening (midnight) and get back to Philly Late Flight Monday night. Most trips get me in Tues",0
4780,neutral,@SouthwestAir Flight 3744 (N284WN) departs @FlyTPA enroute to @PHXSkyHarbor http://t.co/Bd5tvr3Gcy,0
5489,neutral,"@SouthwestAir my son is flying South West from NOLA-Orlando, hope to enter for him to win this contest #DestinationDragons",0
4957,neutral,@SouthwestAir check out our 1st grader's school science fair project. She loves flying on Southwest Airlines. http://t.co/BaYePZkMiz,0
4635,neutral,@SouthwestAir  I sent a email to customer relations and I will be calling tomorrow.,0
2474,neutral,@united I was just calling the Global Services help desk so via phone.,0
3467,neutral,@united - who can eat at an airport for $7? #areyounew? #incompetent #no800number #feeltheheat,0
12915,neutral,@AmericanAir See photo of B787 scale model &amp; our PN 320008A wheel deflator specified in Chapter 32 of B787 AMM. http://t.co/kfD4WQRkLW,0
7884,neutral,@JetBlue's CEO battles to appease passengers and Wall Street - Waterbury Republican American http://t.co/FFc13zYGJS,0
13793,neutral,@AmericanAir flights out of Dallas on Tuesday are not going to be Cancelled Flightled correct?,0
2998,neutral,@united past,0
2553,neutral,@united now arrives LAX @ 8:03 am,0
13791,neutral,@AmericanAir Thank you for the response.  When I book I've tried my AA number and my US Airways number and each time it doesn't pick it up,0
11891,neutral,"@AmericanAir is the new 9:45 time confirmed or it may get Cancelled Flightled? Traveling with kids, need to be certain. Thx",0
8697,neutral,"@JetBlue @_justdippin_ drops a new video off the upcoming project #TheTakeover, produced by YpOnTheBeat https://t.co/IKQBdZA7TN RT",0
2131,neutral,@united I see you coming to get me and @AggieMensGolf in Hawaii! #12thMan http://t.co/G8DKa3Edhf,0
13132,neutral,@AmericanAir no. Prebook flight for wife's 40th bday in NO. I recently have had surgery and can't travel. Won't let another go in my place,0
9256,neutral,@USAirways just now but no general announcement,0
12228,neutral,@AmericanAir um. down south has snow too #ATL,0
3008,neutral,@united Based on suggestions from other passengers I have a rental car on standby for 11:30.  One way or another will be leaving then.,0
7869,neutral,"@JetBlue may I check my 17-month-old child's fold-up crib for free on my flight tomorrow, similar to your policy for infant car seats?",0
5310,neutral,@SouthwestAir can you follow and we'll proceed?,0
7687,neutral,@JetBlue I will when I land.,0
7703,neutral,@JetBlue I would love to Fort Lauderdale now that would cool.,0
2956,neutral,"‚Äú@united: @LRuns4Cupcakes Please DM details, we'd like to help if you need assistance. ^KP‚Äù @ClarkHoward #Another #Airlines #Issues",0
12634,neutral,@AmericanAir sent,0
5565,neutral,@SouthwestAir @TheEllenShow @Imaginedragons if only that was me! üòç #DestinationDragons,0
6510,neutral,@SouthwestAir we're flying out tomorrow! PLEASE DONT Cancelled Flight!! Lol üòú‚úàÔ∏è,0
4647,neutral,@SouthwestAir continues to prove to be the best airlines üí™,0
241,neutral,@virginamerica spruce moose!,0
6052,neutral,@SouthwestAir okay just signed up!,0
431,neutral,@VirginAmerica to start 5xweekly #A319 flights from to #Dallas @DallasLoveField #Austin on 28APR #avgeek,0
11169,neutral,"@USAirways  I have a party of 4 booked for a flight in Aug. At 10:05am, how can I find out how much it would cost to change to an earlier fl",0
7459,neutral,@JetBlue hope so! looks nice and warm in San Juan üå¥,0
5465,neutral,"@SouthwestAir my father was kind enough to offer to pay for a hotel, but I can't use this coupon if he pays from FL. no help?",0
8918,neutral,@JetBlue okayyyy. But I had huge irons on way out. Promise no shenanigans?,0
2229,neutral,@united could really use your help getting our bags at IAD. We're headed to YOW but now going to YXU,0
2475,neutral,"@united on final. Pls don't let my connection leave!!!
Conf# NPBHD0 http://t.co/eWXwXiDTfX",0
7456,neutral,@JetBlue wondering if it's possible for my colleague and I to get on an earlier flight LAX&gt;JFK tomorrow. Can you help?,0
10896,neutral,"@USAirways 5223 out of Gainesville, FL",0
11823,neutral,@USAirways How can I change without penalty and not have to call customer service,0
5329,neutral,@SouthwestAir when does today's scavenger hunt start? I'm trying to help my little brother win! #DestinationDragons,0
6961,neutral,@JetBlue what's good with a Miami terminal?,0
50,neutral,"@VirginAmerica Is flight 769 on it's way? Was supposed to take off 30 minutes ago. Website still shows ""On Time"" not ""In Flight"". Thanks.",0
9057,neutral,@USAirways can I check bags through to my final destination even though I bought separate tickets from IAD to PHL  and PHL to Israel?,0
12367,neutral,@AmericanAir please can you tell me why DFW has a weather advisory and RDU does not? the entire state of NC has shut down from ice &amp; snow!,0
12719,neutral,@AmericanAir my 2498 to CLT left the gate. What is next for CLT. Need help,0
14505,neutral,@AmericanAir On flt 1627 from DFW to FAT on 2/23 and it was 86'd. Can you rebook me on the 1359 flight tonight? Can't get through on phone.,0
8492,neutral,@JetBlue I have many allergies and want to know if I can bring an 8oz. bottle of Benadryl on the flight along with my 2 epipens?,0
8163,neutral,@JetBlue yup! He said there would be flight change fee. But the plane should be here in 45 minutes apparently.,0
3196,neutral,"@united @HiltonWorldwide @Caravannyc @MaysvilleNYC 
Let's go! Join me on my first trip back to NYC‚Ä¶as a tourist: 
http://t.co/egaEjtRGLb",0
725,neutral,@united keep me updated. Let me know that the bags make the flight to j-burg,0
652,neutral,@united yes please! Trying to get to POP- in Newark now....,0
7864,neutral,"@JetBlue Port-Au-Prince, Haiti for continued food distribution, medical supplies, &amp; orphan care!  #flyingitforward http://t.co/fn2QXybT9K",0
13321,neutral,"@AmericanAir two were non revs, right?",0
1158,neutral,"@united After speaking to a United customer service rep the night before a flight, confirming that everything is ok with your reservation..",0
4858,neutral,@SouthwestAir retiring with my hubby and it's our 25th wedding anniversary this year! Companion pass please!!,0
692,neutral,@united is flight 587 from DFW to ORD currently on-time? I see an advisory that DFW may be affected by weather,0
4404,neutral,@SouthwestAir Any idea when the winter advisory will be posted for ATL for tomorrow (2/25)?? I'd rather get to PHL tonight.,0
3651,neutral,"@united yes, I want to complain. Your coworker was neither. Is there a customer service point airside?",0
7930,neutral,@JetBlue is that one on the picture http://t.co/lxwbsfxfj0,0
6500,neutral,@SouthwestAir iiiii need help with my flight schedule!!! haha,0
5559,neutral,@SouthwestAir aren't you based in Chicago? Why are you doing a hunt in LA and not your home city????!! Please bring one home,0
7361,neutral,@JetBlue Is that a guarantee? We'll see about that tomorrow morning when I have to fight for a seat.,0
11229,neutral,@USAirways good ideas...she is traveling today...at airport.  Need to petition faa regarding silly 24 name change rule.,0
7860,neutral,@JetBlue Fliers to Gain Access to WSJ Content - Analyst Blog - Nasdaq http://t.co/dWEse7Xidr,0
5618,neutral,"@SouthwestAir I have a credit that expires a month before my flight, is there any possible way I can have that extended?",0
11157,neutral,"‚Äú@USAirways: Reminder: From 2/28, we‚Äôll be tweeting from @AmericanAir. You should join us: http://t.co/WBMHRl3bvl",0
3711,neutral,"@united's in-flight promo on their TV's includes Brian Williams. Tough to edit that quickly. Not a complaint, just an observation.",0
400,neutral,.@VirginAmerica If only you guys were starting those flights at the end of the month! Guess I‚Äôm still road tripping on Feb 27‚Ä¶,0
5515,neutral,@SouthwestAir how can customers get in touch with you internationally from Mexico for lost baggage,0
11153,neutral,"THE END: RT @USAirways: Reminder: From 2/28, we‚Äôll be tweeting from @AmericanAir. You should join us: http://t.co/NBpCJCpEW9",0
8295,neutral,@JetBlue should I check in my awesome bag on my flight or carry it on... Decisions...,0
472,neutral,.@VirginAmerica I heard he has a virgin mobile hotspot ;),0
1201,neutral,@united please see dm!!,0
4854,neutral,@SouthwestAir Flight 3267 (N659SW) arrives at @FlyTPA following flight from @MitchellAirport http://t.co/LJ2YdKoR8q,0
7170,neutral,@JetBlue no. come on.,0
286,neutral,@VirginAmerica they told to check with the airline regulation first so that is why I contacted you.,0
6978,neutral,"@JetBlue hi guys, do you have a general enquires email address please? Thanks David.",0
13051,neutral,@AmericanAir could you check if there is SWU (typo in last post) space on AA199 MXP-JFK Feb 28th? Thanks,0
7998,neutral,@JetBlue do you have direct flights to and from Bos to St Lucia or Antigua?,0
5641,neutral,"@SouthwestAir So that's what happens when your power level goes over 9,000... feet in the air.",0
3542,neutral,@united done as requested.,0
6586,neutral,"@SouthwestAir  Tried to DM you, it won't let me as it says you are not following me.",0
6030,neutral,@SouthwestAir Whats up with flight 4464 Ft myers to milwaukee???,0
7979,neutral,@JetBlue so what about California,0
10454,neutral,@USAirways message me if you want to issue a refund so someone else can use my seats tomorrow AM #flightCancelled Flighted #custservicehasnonumber,0
631,neutral,"@united I guess that's too much ask, huh?",0
9352,neutral,@USAirways and I would have been willing to give him the benefit of the doubt and say we misunderstood each other until he went on a,0
11911,neutral,@AmericanAir What happens when you combine Top Chef &amp; the beauty of San Miguel de Allende. My Late Flightst food blog.  http://t.co/7t1rDRCRe6,0
318,neutral,@VirginAmerica can u help this üë∏ @FreyaBevan_Fund needs urgent treatment inüá∫üá∏2y old battling cancer could u help with flights üíó#freyasfund,0
12663,neutral,@AmericanAir yes....twice...for two different flights and occasions,0
9168,neutral,@USAirways  My tweet gets me a response to email dmsc@usairways.com,0
5992,neutral,"@SouthwestAir unfortunately no, it's my lack of status that's the big problem. My company policy forces me to buy the cheapest tickets",0
3530,neutral,"@united KOA-LAX should have fresh food service, right?",0
629,neutral,"@united bet you wont honour them, like mine ey",0
7585,neutral,@JetBlue whatever your lil #mint heart desires! http://t.co/WmX12F33ZC,0
4929,neutral,@SouthwestAir My GF lost the promise ring I gave her on flight 2707 2/21/2015 SFO&gt;SNA. It's an infinity silver band ring. Please help!,0
6407,neutral,"@SouthwestAir can u better define the ""plus one smaller type"" item on carry on requirements?.. small backpacks?",0
11530,neutral,@USAirways last name Pordes,0
612,neutral,@united thanks for the info I already knew...,0
6951,neutral,@JetBlue @weepysweetmonty i heard youre planning on letting people fly in the overhead compartments. why would you do that?,0
14438,neutral,@AmericanAir I will thank you. What do I do if I can't get through and my flight on hold Cancelled Flights?,0
8327,neutral,"@JetBlue my credit card company accidentally marked my jet blue tickets as fraud, then corrected their mistake and reposted the money.",0
5444,neutral,"@SouthwestAir Hey there, can you follow us so we can DM you a question :) üòÅ",0
6990,neutral,@JetBlue How can I check that? I do not believe I was given a credit for that automatically. :/,0
4376,neutral,@SouthwestAir what is the status of the bag check area at FFL?,0
7568,neutral,@JetBlue and ask she load the bag for my flight,0
8019,neutral,@JetBlue dang. Pandora? Does it look like it may get pushed back more or is this likely it?,0
8627,neutral,@JetBlue are you ever looking for interns ?,0
11125,neutral,@USAirways Is $99 companion ticket benefit of Premier World MasterCard still limited to USAirways flights or do AA now qualify as well?,0
3203,neutral,@united Want to book a multi-city fare. Have miles for 1of 2 flights. An option to pay for 1st flight with miles +2nd with UMP Visa? Thanks!,0
14183,neutral,@AmericanAir are you expecting flights out of DFW to be Cancelled Flightled tomorrow AM and afternoon?,0
6241,neutral,@SouthwestAir give me tickets to the atlanta show and I'll roadtrip from Canada!! Deal? üòÜ,0
6103,neutral,@SouthwestAir do new flights come out at midnight?,0
12893,neutral,@AmericanAir You guys are the talk of the Americans down here in Ecuador! Read this! https://t.co/5ON3KlzVMT,0
4628,neutral,@SouthwestAir #Vegas I was there 5 days ago. Miss the  Warm Weather,0
3635,neutral,@united Flight 280,0
528,neutral,"@united yes, a paper voucher that I got on January 26th 2015",0
12183,neutral,@americanair I sure do. I'm running version 3.10.0,0
1673,neutral,@united you friend's flt from ase to Denver is Cancelled Flightled for tomorrow.  Can you help with rebook?,0
10537,neutral,@USAirways How does flight 680 look? I'm hearing about Cancelled Flightled departures from @Reagan_Airport and I'm about to head into it,0
11291,neutral,@USAirways please follow me so I can DM you about something,0
7004,neutral,YASSSSS. Da Fuccc- RT @JetBlue: Our fleet's on fleek. http://t.co/oAJ5mnuchA,0
7599,neutral,@JetBlue Charleston - from your app guys as of a few minutes ago!!! http://t.co/sEUlpvfn95,0
8603,neutral,@JetBlue nope. Currently sitting at my gate.,0
5809,neutral,@southwestair I have a roundtrip ticket now and I need to change one leg of the trip (to a nearby airport) - not possible via website?,0
7819,neutral,@JetBlue I can't call right now. My baby just fell asleep.,0
6014,neutral,@SouthwestAir would you be willing to help me surprise my bestfriend with tickets to go see @Imaginedragons? #DestinationDragons Gracias!,0
8956,neutral,@JetBlue I hear that the new thing in your planes are the Fly-Fi. How I can check if the flight that Im going to take have it?,0
6915,neutral,@JetBlue ok is I hope thy the Bahamas next,0
5047,neutral,@SouthwestAir i forgot to put my tsa pre number in before I checked in. It is now in my profile but will it be on my boarding pass in the am,0
12567,neutral,@AmericanAir - Reference number to this request: 1-3001408092,0
2296,neutral,@united Hello we are doing a world record attempt on the amount of ball point pens in a collection please could you help with a pen?,0
3415,neutral,@united you need to follow me I order for me to DM....,0
11307,neutral,@USAirways so what is the  difference between Cancelled Flighting and reFlight Booking Problems - will that help me avoid a change fee?,0
6236,neutral,@SouthwestAir I will not have my passport in time for my trip. Could I still fly with photo ID? #thingsishouldknow #ifeeldumb,0
6144,neutral,@SouthwestAir do you have any info about when #DestinationDragons winners will be announced? me &amp; my best friend are hoping to win. thanks!,0
12655,neutral,@AmericanAir the Late Flightst usair4603. Earlier 4591,0
3428,neutral,@united yes when I landed.,0
12782,neutral,"@AmericanAir upgraded to 1st class. Inquired about red wine.  ""Sauvignon blanc &amp; I can't pronounce the other one.""  Couldn't describe...",0
8117,neutral,@JetBlue no. Did not catch his name. I am sure Jason will know.,0
6255,neutral,‚Äú@SouthwestAir: @saysorrychris Can you follow back for a quick DM? ^SW‚Äùfollowed,0
7113,neutral,‚Äú@JetBlue: Our fleet's on fleek. http://t.co/MB0hVfqB1t‚Äù-see what ihop started üòë,0
951,neutral,"@united yes, after this awful weather it appears I can get home",0
7776,neutral,@JetBlue what's the status of flight 1272 diverted to RIC?  When will it depart back for LGA?,0
13626,neutral,@AmericanAir Hi. I have KOA-LAX-PHL-ORD booked as a 1-way savr awrd. If I called to chnge it to KOA-LAX-PHX-ORD would I have to pay any fees,0
8338,neutral,@JetBlue Sent my suggestion and comments via the link provided..,0
8800,neutral,"@JetBlue Flight 152 (N559JB) ""Here's Looking at Blue Kid"" departs @MCO enroute to @BostonLogan http://t.co/qeaDA92MW6",0
4732,neutral,"@SouthwestAir unveils 4 new #flights, including 2 from #Ohio http://t.co/grkBj7bxlk",0
6008,neutral,@SouthwestAir is there any chance I could get tickets to the #DestinationDragons show in Vegas? Ive been a huge fan for years! Pretty please,0
12298,neutral,"@AmericanAir I can DM it to you, if you follow me",0
10171,neutral,@USAirways but need to confirm please help,0
12899,neutral,@AmericanAir Flight Get Me Out Of Chicago.,0
12774,neutral,@AmericanAir can you help me update a birthday that was incorrectly input in a reservation? This is preventing me from checking in,0
8527,neutral,@JetBlue I'd go to Australia to enjoy the land down under! Always been on my bucket list! #FlyingItForward,0
11146,neutral,@USAirways can you DM me &amp; add me to the upgrade list for a flt tonight?,0
10848,neutral,@USAirways what is your policy around bringing a breast pump on board?,0
14190,neutral,@AmericanAir At what e-mail adress can I send your CEO Mr. Doug Parker a letter that he hopefully reads?,0
10790,neutral,@USAirways if I have Dividend Miles credit card &amp; I used it to book my flight is one bag free?,0
535,neutral,@united I lost a voucher that I was given in Miami aeroport on jan 26. I did not use it.,0
8880,neutral,"@JetBlue do they have to depart from Washington, D.C.??",0
11465,neutral,@USAirways how do you give stand by seats to ticketed passengers who you know have a connecting flight ?,0
1899,neutral,@united can you put Russell Daiber (on same ticket) as well into premium Eco? Appreciated!,0
2008,neutral,@united Thanks!  Good to know.,0
9793,neutral,@USAirways Can you provide me with info about checking strollers and car seats?  Costs?  Restrictions?  Need to bring 2 seats 1 stroller.,0
3900,neutral,@united leisure. Military personnel for safety reason R highly recommended to not travel in uniform,0
12260,neutral,@AmericanAir do you offer group pricing discounts by any chance?,0
6765,neutral,@JetBlue Yeah I have! I'm on it!! Looking for specific dates - I will just keep checking daily for a fare drop,0
3853,neutral,@united You please do not burn my dreams !!!  #burningman tickets sales today.,0
2603,neutral,"@united @SCVPools 
Please call me at 310-795-2210.",0
13997,neutral,@AmericanAir you set a schedule try and keep it !!! #AAALWAYSLate Flight,0
2418,neutral,@united same flight number different flight. I'm heading to MPLS,0
12135,neutral,@AmericanAir These birds could fly to South America for example #Argentina,0
571,neutral,@united 6533 ORD to DCA,0
12453,neutral,@AmericanAir record number is BPDFPP.,0
6183,neutral,@SouthwestAir I'm not sure I did the messaging part right. Please let me know if you received it.,0
11797,neutral,@USAirways please hold 3923! I can see it. Just can't get off my first plane quick enough,0
3647,neutral,@united what happened to flight status map? It was so cool..,0
2698,neutral,@united landing in Chicago - saw it once we were already airborne.,0
6355,neutral,@SouthwestAir so was there a winner for #DestinationDragons ???,0
3040,neutral,@united Will do! Thanks!,0
8043,neutral,@JetBlue well I'm not sure I'm that bold! lol or are you saying you didn't believe me?? :P,0
4845,neutral,@SouthwestAir how long does it take for my Rapid Rewards points to be credited to my account?,0
1866,neutral,@united pls follow for DM,0
13271,neutral,@AmericanAir Lost black wallet at #DallasAirport.I was on flight 2208 to CLE.Would appreciate ur help. Last I used it at @Starbucks on A20.,0
6577,neutral,@SouthwestAir needs to offer a college student discount so i can fly home üò≠üò≠,0
3221,neutral,@united my partner and I booked individual reservations for same flight. I have Pr. Silver -- can he share my premier privileges somehow?,0
4524,neutral,@SouthwestAir should offer cdn border towns incentive to fly since exchange rates are #hurt. #customerappreciation #gaincustomers #keepem2,0
14294,neutral,@AmericanAir a guy try right...,0
11531,neutral,@USAirways tell reservations to rebook me from 5080 to 5129,0
7377,neutral,@JetBlue that wasn't delayed or cabcelled,0
4919,neutral,@SouthwestAir got it.  Next time I will know about paying extra to make the A Line.,0
8270,neutral,"@JetBlue 1st flight of the morning, flying with a toddler. Will the plane be heated to a comfortable temp before boarding starts. #ItsCold",0
6638,neutral,@SouthwestAir Already rebooked for tomorrow. Fingers crossed!,0
11055,neutral,@USAirways we got our bags today. Thanks!,0
10821,neutral,@USAirways me and my wife will be flying out of atlanta to vegas on March 7th since couldn't get any out of tricities here in Tn,0
12924,neutral,@AmericanAir 3127. Just landed in LIT.,0
5442,neutral,"@SouthwestAir  If you'd love to see more girls get inspired about becoming pilots, RT our free Albuquerque event. http://t.co/rfXlV1kGDh",0
5914,neutral,"@SouthwestAir Don't worry, you will! :-)",0
4757,neutral,@SouthwestAir Are there discounts every tuesday cause Im leaving fron Birmingham Airport to San fran Next week in march sometime,0
6792,neutral,@JetBlue are @AskAmex Amex Plat holders provided access or a credit in the Airspace Lounge in JKF?,0
7200,neutral,@JetBlue I'll read this over a nice glass of wine right before I dig my heels into my next novel! Maybe travel is just what I need...,0
100,neutral,@VirginAmerica trying to add my boy Prince to my ressie. SF this Thursday @VirginAmerica from LAX http://t.co/GsB2J3c4gM,0
12480,neutral,@AmericanAir Flight 1679 (N76200) prepares for flight at @FlyTPA before departing for @fly2ohare http://t.co/XbKvcraOKn,0
54,neutral,@VirginAmerica Will flights be leaving Dallas for LA on February 24th?,0
6455,neutral,@SouthwestAir Flight 3111 (N614SW) departs @MCO enroute to Indianapolis International Airport http://t.co/qefKFWZo7d,0
7202,neutral,@JetBlue I would like the actual email address so I can follow up. thank you.,0
2150,neutral,@united yes. On a nonstop to Memphis tomorrow morning. With the snow coming in I got my fingers crossed it will go.,0
3390,neutral,"@united no, I have a pricey Chase Mileage Plus CC.",0
11803,neutral,@USAirways what is the baggage allowance on flights from Glasgow to the US?  Thanks,0
2143,neutral,@united we will be at the airport first thing in the morning,0
3517,neutral,@united next day,0
6834,neutral,@JetBlue Offering Special Fares to @GoPureGrenada @discovergrenada http://t.co/MBcEhCSZX3 @CaribbeJan @islandexpert http://t.co/2Zm4jkAlZl,0
8074,neutral,@JetBlue's CEO battles to appease passengers and Wall Street - Waterbury Republican American http://t.co/D1eRGPdWsJ,0
4749,neutral,@SouthwestAir didn't realize no clothes until at hotel - suggestions?,0
6066,neutral,@SouthwestAir are passengers automatically rebooked on other flights if original is Cancelled Flighted for weather etc?,0
8915,neutral,@JetBlue's new CEO seeks the right balance to please passengers and Wall ... - Weyburn Review http://t.co/rtQyjCvTQ3,0
2071,neutral,@united I have $20 and I'll draw you a super sweet picture of your choosing. Will that get me round-trip to San Diego? üå¥üå¥ It's so cold here.,0
3810,neutral,@united How much is baggage check for International flights?,0
8299,neutral,@JetBlue Just sent it,0
13191,neutral,@AmericanAir need help on a reservation. Can you follow so that I can DM details? Thanks!,0
9384,neutral,"@USAirways if I apply for ur credit card, do you automatically get the companion certificate or do I have to wait for it?",0
3378,neutral,@united DM the conf # to you - did you receive it?,0
7163,neutral,"@JetBlue I want you guys to be the first to fly to #Cuba, from NYC.",0
3144,neutral,"@united I have a LH return business ticket from Den to Fra.If I fly domestic with you,bag can be checked through to Fra,no need to claim?",0
2504,neutral,@united any last minute flight deals for your cute little #frequentflyer ??? :)))) my Friday flight was Cancelled Flightled!!,0
7739,neutral,@JetBlue's new CEO seeks the right balance to please passengers and Wall ... - Daily Journal http://t.co/9bzqZQx8DC,0
6803,neutral,"@JetBlue ""Do what you love and you'll never work a day in your life."" üòä",0
6705,neutral,@SouthwestAir do you think the flights out of Nashville will be Cancelled Flighted tomorrow?,0
12846,neutral,@AmericanAir - don't be jealous.  I live in Sydney and my T-shirt and jeans don't suit the office for work. I need suits and a warm jacket.,0
818,neutral,@United an idea: monitor mileage members travel patterns enough to know when they change jobs/lose status...and make the transition easier.,0
8499,neutral,@JetBlue #jetblue #sofly #wish #firststari seetonight http://t.co/pyJAoayNx6,0
3366,neutral,@united online inchecking able in the Netherlands (ams)?,0
4472,neutral,"@SouthwestAir- Wife's RR pts expired a few days ago, were planning on Flight Booking Problems trip today. Anything you can do for us? On a tight budget...",0
8866,neutral,"@JetBlue I would fly to Washington  DC to see the actual Constitution  and the Declaration of Independence, in honor of a US Navy friend.",0
7062,neutral,@JetBlue .. { it's all a320's right?},0
5777,neutral,@SouthwestAir do we get to pick which @Imaginedragons show? #DestinationDragons,0
175,neutral,@VirginAmerica I'd love to know what your policy is for damaged luggage.,0
8532,neutral,@JetBlue need flight to ATH from PDX. Do you coordinate with other airlines?,0
8021,neutral,@JetBlue saving my sanity. Leaving it behind for sunshine. #escape #FL #bliss #travel #InDenial #WhatFrozenPipes http://t.co/6TtzEJV3hY,0
6972,neutral,@JetBlue's CEO battles to appease passengers and Wall Street - Waterbury Republican American http://t.co/fW3cy8HGdJ,0
5787,neutral,@SouthwestAir give me tickets to atlanta! I would do anything!  Anything üòÜ,0
2249,neutral,@united I was on UA1069 today and left my sunglasses in seat 26F. Please help me get them back! #UnitedAirlines,0
5402,neutral,@SouthwestAir Can I book a flight on my own and get reimbursed by you?,0
12070,neutral,@AmericanAir I might look into that. My wife travels much more than I do. Could we both use the membership?,0
1830,neutral,@united tried that. Cannot figure out where to go to get it.,0
5995,neutral,"@southwestair has 22 employees on Social Care Team, 4 staff the Listening Ctr. at any time-rest of spots filled by other areas. #RaganDisney",0
14464,neutral,@AmericanAir  2 hours to be answered on a call?,0
1858,neutral,@united Is a snowboard boot bag included in the standard checked baggage next to the snowboard bag?,0
3398,neutral,"@united Death in the family cannot make flight tomorrow. Phone rep quoted $440 per person fee, which is almost the cost of ticket. Help?",0
7690,neutral,@JetBlue do bags still fly for free anymore?,0
5649,neutral,@SouthwestAir so the fares I see for flights in fall are the ABSOULUTELY LOWEST they will be?,0
1563,neutral,"@united can I get on a stand by list from ASE to ORD? I'm the only poor person in Aspen, that's why I'm asking for standby on twitter.",0
9345,neutral,@USAirways I'm shutting my data off for the flight. I want some response by the time I land.  You have 2 hours.,0
8541,neutral,@JetBlue to allow payment by #Apple Pay - Patriarc http://t.co/bdUaUZFhW2,0
551,neutral,"@united Kewl. Will also let them know the overhead bin over my row was ""Inop"". I love a good abbreve.",0
7874,neutral,@JetBlue do you have a waiver for NY weather today?,0
5904,neutral,@SouthwestAir Do y'all know when the new routes from HOU to Aruba &amp; Puerto Vallarta will be available?,0
10794,neutral,@USAirways Please hold US1765 for me. Need to get home tonight before weather. Almost there.,0
6300,neutral,@SouthwestAir when are you opening the flights beyond august 7th???,0
525,neutral,"@united yes, David Allan send an email with this number (KMM24999563V99860L0KM) and case#8719519",0
4150,neutral,@united for our birthdays my fianc√© &amp; I want to travel Late Flight April. You're our fave airline but Frontier has this: http://t.co/uayWrr45as :-/,0
11756,neutral,"@USAirways Would love to combine AA and USAir accts. Unfortunately, one has my middle name &amp; one has middle initial. Won't allow change",0
10764,neutral,@USAirways How do I redeem my pass to the admirals club? I have 1 free visit with my barclay card membership. And can I bring a companion?,0
7028,neutral,but why RT @JetBlue: Our fleet's on fleek. http://t.co/W0HOAewhwS,0
13352,neutral,@AmericanAir Any way that we could look at other options for today?,0
2101,neutral,@united Pick,0
5866,neutral,@SouthwestAir yes please,0
4485,neutral,^CB how do you know? @SouthwestAir,0
2025,neutral,@united need help. Never got tickets. Conf #ggqzqd,0
7934,neutral,@JetBlue weather where?  It's 60 in SFO and flight 834 is still on time to boston.,0
11509,neutral,@USAirways I recently moved and got a new license and when I booked my flight a months ago I used my old license do I need to change that?,0
11023,neutral,"@USAirways but it's not their fault, because their policy says they at least got us to our destination. Really?",0
492,neutral,@VirginAmerica Can you give me Silver Status for 12 months?,0
4953,neutral,@SouthwestAir when are the two free flights promo coming back?! Looking into the premiere card but might hold off or go with another option!,0
1906,neutral,@united same day flights,0
8157,neutral,@JetBlue and The from @WSJ Team to Offer In-#Flight Access to Journal ... - Nassau News Live http://t.co/7E5bxwG16t,0
10825,neutral,@USAirways absolutely,0
3026,neutral,@united I need a customer service manager to contact me please,0
9560,neutral,@USAirways @AmericanAir I need to move a reservation due to weather in the middle part of the U.S.  I would like to change departing airport,0
10609,neutral,"@USAirways we're glad to hear it. Out of curiosity, what causes such flight patterns?",0
7091,neutral,@JetBlue with 3 kids and 11 days 340 + doesn't work and it's months in advance,0
12190,neutral,@AmericanAir I bet they do! I'm sure they have some form of wear and tear on their skin. I hope they will survive the rest of the winter xxx,0
13837,neutral,"@AmericanAir looking for status of flight 1388 schedule for 5:15 am tomorrow morning, thank you",0
3925,neutral,"@united Hi, I read there are weather warnings on the East Coast of the US. Would a flight from LHR to SFO be affected?",0
5564,neutral,@SouthwestAir any spare tickets for Vegas? Would be forever grateful! #DestinationDragons,0
13761,neutral,@AmericanAir 48 hours and still no bag. Could have flown to Costa Rica and back by now. I had gifts for my family in my bags.,0
8013,neutral,@JetBlue @hanneslohmann cool,0
5936,neutral,"@SouthwestAir I have 2d and 3d embossed badges and patches superior to the ones you are currently using. 
http://t.co/3fq3XElbOn",0
6659,neutral,@SouthwestAir @gruber Finally.,0
9011,neutral,@USAirways any travel advisory coming for the Carolinas?  Bad weather!,0
2295,neutral,@united - any way to get a message to an international flight gate at EWR?      Road conditions are horrible trying to get to flight ...,0
3023,neutral,@united Who can I contact about requesting a charity donation? #ThankYou,0
9471,neutral,@USAirways Bag policy says stroller OR car seat.  We need to bring 2 car seats and 1 stroller.  Should I just call for details?,0
46,neutral,@VirginAmerica  DREAM http://t.co/oA2dRfAoQ2 http://t.co/lWWdAc2kHx,0
4355,neutral,@SouthwestAir Just DMed you my confirmation number.,0
11539,neutral,"@USAirways if there are empty first class seats on my flight at check in, why wouldn't I be automatically upgraded?",0
5695,neutral,@SouthwestAir  flying Southwest for the first time to LGA with a layover in Atlanta!,0
2363,neutral,@united So what's allowed or what's not allowed to be carried in my checked baggage?,0
7494,neutral,@JetBlue I have a reservation for tomorrow morning but trying to get back 2 night bc other flight was going to jfk. Can I get on list at CTG,0
10336,neutral,@USAirways in a few weeks,0
12455,neutral,"@AmericanAir Embassy Suites
13341 Woodland Park Drive
Herndon, Virginia, 20171 
US 
+1-703-464-0200",0
13371,neutral,@AmericanAir #oaaret is our flight Cancelled Flightled?,0
3178,neutral,"@united can someone at the airport in Portland, OR buy a ticket to be picked up and used 2days Late Flightr by other from Perth, AUSTRALIA? Thanks",0
11270,neutral,‚Äú@USAirways: @AnnetteNaif We appreciate the #shoutout for Roberto. DM your confirmation code so we can forward your kind words.‚Äù sent,0
